{"n_observables": 9, "n_parameters": 1, "features": null, "n_hidden": [60, 60], "activation": "tanh", "dropout_prob": 0.0, "estimator_type": "parameterized_ratio", "components": [[0], [1], [2]], "morphing_matrix": [[0.09913344511950417, 1.0677416245579467, -0.16687506967745092], [0.02892049642498369, 0.00036638053405734503, -0.029286876959041037], [0.0013488982891598808, -0.00360618238624564, 0.002257284097085759]]}