{"n_observables": 9, "n_parameters": 1, "features": null, "n_hidden": [60, 60], "activation": "tanh", "dropout_prob": 0.0, "estimator_type": "parameterized_ratio", "components": [[0], [1], [2]], "morphing_matrix": [[0.025707846975058346, -0.016944346398729104, 0.9912364994236706], [0.03799880312433507, -0.022988794064928323, -0.015010009059406743], [0.001945868673346318, 0.0016481722234193553, -0.0035940408967656736]]}